frame_no,timestamp,size_px-darkorange,position_px_x-darkorange,position_px_y-darkorange,rx-darkorange,ry-darkorange,vx-darkorange,vy-darkorange,ax-darkorange,ay-darkorange,size_px-green,position_px_x-green,position_px_y-green,rx-green,ry-green,vx-green,vy-green,ax-green,ay-green,size_px-hotpink,position_px_x-hotpink,position_px_y-hotpink,rx-hotpink,ry-hotpink,vx-hotpink,vy-hotpink,ax-hotpink,ay-hotpink,size_px-lightorange,position_px_x-lightorange,position_px_y-lightorange,rx-lightorange,ry-lightorange,vx-lightorange,vy-lightorange,ax-lightorange,ay-lightorange,size_px-yellowneon,position_px_x-yellowneon,position_px_y-yellowneon,rx-yellowneon,ry-yellowneon,vx-yellowneon,vy-yellowneon,ax-yellowneon,ay-yellowneon
0,151.2,,,,,,,,,,,,,,,,,,,,,,,,,,,,92,818,795,40.846024390868195,39.697542042469706,,,,,,,,,,,,,
1,151.2,,,,,,,,,,,,,,,,,,,,,,,,,,,,53,836,27,41.74483666352789,1.348218408989537,,,,,,,,,,,,,
2,271.9,11,706,860,35.253414694319005,42.94325302707414,,,,,,,,,,,,,,,,,,,,,,,92,805,792,40.19688219394731,39.54773999702642,,,,,,,,,,,,,
3,296.0,,,,,,,,,,,,,,,,,,,,,,,,,,,,38,341,1000,17.027499165386377,49.93401514776063,-46.87866124667368,-60.59628764592674,1624.5016060410494,-1813.4000370506392,,,,,,,,,
4,317.2,12,742,864,37.05103923963839,43.142989087665185,,,,,,,,,,,,,,,,,,,,,,,21,341,984,17.027499165386377,49.13507090539646,-25.238564117958646,-70.4050354649448,1489.892281503874,-4316.5980827106805,,,,,,,,,
5,341.9,19,296,752,14.780468483737147,37.550379391115996,-91.16342110906666,-24.01377921897365,5751.635401202935,1515.0649349510163,16,311,903,15.529478710953557,45.09041567842785,,,,,21,723,862,36.10229295183094,43.04312105736967,,,,,19,345,856,17.227235225977417,42.7435169664831,-102.28091148822114,14.230387685317721,6453.054352569147,-897.8162577487508,12,773,905,38.598993709218966,45.19028370872337,,,,
6,357.7,20,295,752,14.730534468589386,37.550379391115996,,,,,16,311,903,15.529478710953557,45.09041567842785,,,,,21,723,862,36.10229295183094,43.04312105736967,,,,,20,345,856,17.227235225977417,42.7435169664831,0.9361066108558382,-35.11396431253603,-74.59016819568427,2639.407276382591,13,775,905,38.69886173951449,45.19028370872337,,,,
7,357.7,20,295,752,14.730534468589386,37.550379391115996,-257.4601546022082,-64.69530027115324,14501.897283535525,3624.3865698125082,16,311,904,15.529478710953557,45.140349693575615,,,,,21,724,861,36.152226966978695,42.993187042221905,,,,,19,345,856,17.227235225977417,42.7435169664831,2.3105464382554377,-74.6808958970161,-129.44237749330188,4105.444481126913,13,773,904,38.598993709218966,45.140349693575615,,,,
8,373.6,20,296,752,14.780468483737147,37.550379391115996,-0.5270247446908313,0.0,-33.25077253569908,0.0,16,311,903,15.529478710953557,45.09041567842785,0.0,0.5270247446908499,0.0,33.250772535700264,21,723,861,36.10229295183094,42.993187042221905,0.0,-0.3632148662397326,0.0,76.46628762941788,19,345,856,17.227235225977417,42.7435169664831,0.0,0.0,0.0,0.0,13,774,904,38.64892772436673,45.140349693575615,0.8902396109305826,-0.8902396109304559,-43.21551509371761,43.21551509371147
9,382.8,20,295,752,14.730534468589386,37.550379391115996,0.2333790988803101,0.0,18.595944133889237,0.0,16,311,903,15.529478710953557,45.09041567842785,0.0,0.0,0.0,0.0,21,724,862,36.152226966978695,43.04312105736967,1.1814092213170757,-0.2333790988803184,-64.38197391373711,-18.595944133889898,19,345,855,17.227235225977417,42.693582951335344,0.2333790988803184,-1.1814092213170757,18.595944133889898,64.38197391373711,13,774,904,38.64892772436673,45.140349693575615,-1.6481674190778808,-1.1814092213170757,27.190085645966473,64.38197391373711
10,393.4,20,296,752,14.780468483737147,37.550379391115996,0.991751720247555,0.0,-22.798890120633448,0.0,16,311,904,15.529478710953557,45.140349693575615,0.0,-0.1669940084473974,0.0,-9.355406635708539,21,723,861,36.10229295183094,42.993187042221905,-0.9917517202474491,0.1669940084473974,22.798890120631018,9.355406635708539,19,345,855,17.227235225977417,42.693582951335344,0.0,-0.9917517202474491,0.0,22.798890120631018,13,774,905,38.64892772436673,45.19028370872337,0.8247577118001929,0.8247577118000755,-32.154296756342795,-32.154296756338226
11,414.8,20,295,752,14.730534468589386,37.550379391115996,-0.8625573828747223,0.0,16.96278039085,0.0,16,311,904,15.529478710953557,45.140349693575615,0.0,0.7209973929699082,0.0,-23.8346245609887,21,723,862,36.10229295183094,43.04312105736967,0.14155998990482466,0.8625573828747529,6.871844170137122,-16.9627803908506,20,345,856,17.227235225977417,42.7435169664831,0.0,0.0,0.0,0.0,13,774,904,38.64892772436673,45.140349693575615,-0.14155998990484478,0.14155998990482466,-6.8718441701380995,6.871844170137122
12,444.6,20,296,752,14.780468483737147,37.550379391115996,0.345213280052513,0.0,-14.976714969740273,0.0,16,311,903,15.529478710953557,45.09041567842785,0.0,0.0,0.0,0.0,21,723,861,36.10229295183094,42.993187042221905,-0.5137450092246175,-0.34521328005252533,9.522613702031837,14.976714969740804,19,346,856,17.27716924112518,42.7435169664831,0.34521328005252533,0.5137450092246175,-14.976714969740804,-9.522613702031837,13,773,905,38.598993709218966,45.19028370872337,-0.34521328005252533,0.34521328005247615,14.976714969740804,-14.976714969738676
13,480.4,21,296,752,14.780468483737147,37.550379391115996,-0.20047343414190977,-0.2004734341419169,-4.608584692917466,-4.60858469291763,16,311,903,15.529478710953557,45.09041567842785,0.0,-0.1200086048483321,0.0,10.435530856376703,21,723,862,36.10229295183094,43.04312105736967,0.2004734341418884,0.320482038990249,4.608584692916975,-5.826946163459073,19,345,855,17.227235225977417,42.693582951335344,0.0,0.0,0.0,0.0,13,773,904,38.598993709218966,45.140349693575615,-0.320482038990249,-0.3204820389902034,5.826946163459073,5.826946163458244
14,516.5,20,295,752,14.730534468589386,37.550379391115996,0.0,0.0,0.0,0.0,16,311,903,15.529478710953557,45.09041567842785,0.0,-0.25264474496466044,0.0,4.687286548509473,21,724,862,36.152226966978695,43.04312105736967,0.027783477943723565,0.0,-9.10933703072908,0.0,19,345,856,17.227235225977417,42.7435169664831,0.0,0.0,0.0,0.0,13,773,905,38.598993709218966,45.19028370872337,-0.027783477943727482,0.25264474496462447,9.109337030730376,-4.687286548508805
15,552.5,20,295,752,14.730534468589386,37.550379391115996,-0.2317114729085158,0.0,4.2830216803792185,0.0,16,311,903,15.529478710953557,45.09041567842785,0.0,0.0,0.0,0.0,21,723,862,36.10229295183094,43.04312105736967,0.0,0.23171147290852404,0.0,-4.283021680379371,19,345,856,17.227235225977417,42.7435169664831,-0.23171147290852404,0.0,4.283021680379371,0.0,14,774,904,38.64892772436673,45.140349693575615,0.001283125210439242,-0.00128312521043907,-8.554168069593176,8.55416806959196
16,590.4,20,295,751,14.730534468589386,37.50044537596823,-0.22372883269607374,0.013163997530237658,4.185759264659939,8.49290163241135,16,311,904,15.529478710953557,45.140349693575615,0.0,-0.013163997530237658,0.0,-8.49290163241135,21,724,862,36.152226966978695,43.04312105736967,-0.013163997530235786,0.0,-8.49290163241014,0.0,19,345,855,17.227235225977417,42.693582951335344,0.0,0.0,0.0,0.0,13,773,904,38.598993709218966,45.140349693575615,0.23689283022631935,0.23689283022628563,4.307142367751261,4.307142367750648
17,624.3,20,295,752,14.730534468589386,37.550379391115996,0.0,0.0,0.0,0.0,16,311,903,15.529478710953557,45.09041567842785,0.0,0.0,0.0,0.0,21,723,862,36.10229295183094,43.04312105736967,-0.2320337919581504,0.0,4.288979518634941,0.0,19,345,856,17.227235225977417,42.7435169664831,0.0,-0.2303213713000629,0.0,-4.273123771800797,13,774,905,38.64892772436673,45.19028370872337,0.2320337919581834,-0.2303213713000629,-4.288979518635552,-4.273123771800797
18,660.7,20,295,752,14.730534468589386,37.550379391115996,0.0,0.0,0.0,0.0,16,311,903,15.529478710953557,45.09041567842785,0.0,0.0,0.0,0.0,21,723,862,36.10229295183094,43.04312105736967,0.0,0.0,0.0,0.0,19,345,856,17.227235225977417,42.7435169664831,0.0,0.0,0.0,0.0,12,773,905,38.598993709218966,45.19028370872337,-0.013256656871943764,0.01325665687194188,8.285410544965025,-8.285410544963845
19,697.3,20,295,752,14.730534468589386,37.550379391115996,0.0,0.2353972225076241,0.0,-4.335123803087,16,311,903,15.529478710953557,45.09041567842785,0.0,-0.2353972225076241,0.0,4.335123803087,21,723,862,36.10229295183094,43.04312105736967,-0.2353972225075906,0.0,4.335123803086383,0.0,19,345,855,17.227235225977417,42.693582951335344,0.0,0.0,0.0,0.0,12,774,905,38.64892772436673,45.19028370872337,0.2353972225076241,0.007312028569340345,-4.335123803087,-8.602386552164967
20,732.5,20,295,752,14.730534468589386,37.550379391115996,0.0,0.0,0.0,0.0,16,311,903,15.529478710953557,45.09041567842785,0.0,0.2310689208331314,0.0,4.271144562534775,21,723,862,36.10229295183094,43.04312105736967,0.0,0.0,0.0,0.0,19,345,855,17.227235225977417,42.693582951335344,0.0,0.00042691708358423,0.0,8.538341671683366,13,774,904,38.64892772436673,45.140349693575615,-0.2310689208331314,0.00042691708358423,-4.271144562534775,8.538341671683366
21,772.1,20,295,752,14.730534468589386,37.550379391115996,0.0,0.0,0.0,0.0,16,311,903,15.529478710953557,45.09041567842785,0.0,0.0,0.0,0.0,21,723,862,36.10229295183094,43.04312105736967,0.0,-0.23378851155045005,0.0,-4.197280279182228,19,345,856,17.227235225977417,42.7435169664831,0.0,0.0,0.0,0.0,13,774,904,38.64892772436673,45.140349693575615,0.22095798336489053,0.012830528185557681,-4.080479840533529,8.277760119714578
22,805.9,20,295,752,14.730534468589386,37.550379391115996,0.22277181499254675,0.0,4.102611694153715,0.0,16,311,903,15.529478710953557,45.09041567842785,0.0,0.22277181499255466,0.0,4.102611694153861,21,723,862,36.10229295183094,43.04312105736967,0.0,0.0,0.0,0.0,19,345,855,17.227235225977417,42.693582951335344,0.0,0.22277181499252297,0.0,4.1026116941532775,13,774,904,38.64892772436673,45.140349693575615,0.0,-0.00953592777989523,0.0,8.292111112952526
23,840.6,20,295,752,14.730534468589386,37.550379391115996,0.0,0.0,0.0,0.0,16,311,904,15.529478710953557,45.140349693575615,0.0,0.03731531209321674,0.0,-7.855855177519319,21,723,862,36.10229295183094,43.04312105736967,0.0,0.0,0.0,0.0,19,345,856,17.227235225977417,42.7435169664831,0.0,0.2406836324763716,0.0,-4.093259055720605,12,773,905,38.598993709218966,45.19028370872337,-0.03731531209321674,0.037315312093211414,7.855855177519319,-7.8558551775182
24,880.4,20,295,752,14.730534468589386,37.550379391115996,0.23181835034591458,0.0,4.2810406342735865,0.0,16,311,903,15.529478710953557,45.09041567842785,0.0,0.23181835034592282,0.0,4.281040634273738,21,723,861,36.10229295183094,42.993187042221905,0.23181835034588988,0.0017092538968234846,4.281040634273129,8.546269484118026,19,345,856,17.227235225977417,42.7435169664831,0.0,0.0,0.0,0.0,12,774,905,38.64892772436673,45.19028370872337,0.0,0.2301090964490666,0.0,-4.265228849843682
25,916.8,20,296,752,14.780468483737147,37.550379391115996,0.22173067165872165,0.0,-4.121387949046865,0.0,16,311,904,15.529478710953557,45.140349693575615,0.0,0.22173067165872953,0.0,-4.121387949047012,21,723,862,36.10229295183094,43.04312105736967,0.0,0.0,0.0,0.0,19,345,856,17.227235225977417,42.7435169664831,0.0,0.22173067165869798,0.0,-4.121387949046425,13,774,905,38.64892772436673,45.19028370872337,-0.23553981097406496,0.22173067165869798,-4.247787393580975,-4.121387949046425
26,958.2,20,295,752,14.730534468589386,37.550379391115996,0.0,0.0,0.0,0.0,16,311,903,15.529478710953557,45.09041567842785,0.0,0.04825101958465044,0.0,8.04183659744166,21,723,862,36.10229295183094,43.04312105736967,0.0,0.0,0.0,0.0,19,345,856,17.227235225977417,42.7435169664831,0.0,0.0,0.0,0.0,13,774,904,38.64892772436673,45.140349693575615,0.20089026648576816,0.04825101958464355,-3.8047398955637943,8.041836597440517
27,988.3,20,296,752,14.780468483737147,37.550379391115996,0.2317114729085158,0.0,-4.2830216803792185,0.0,16,311,904,15.529478710953557,45.140349693575615,0.0,0.23171147290852404,0.0,-4.283021680379371,21,724,862,36.152226966978695,43.04312105736967,0.00128312521043907,0.23171147290852404,-8.55416806959196,-4.283021680379371,19,345,856,17.227235225977417,42.7435169664831,0.0,0.0,0.0,0.0,12,774,905,38.64892772436673,45.19028370872337,0.0,0.0,0.0,0.0
28,1024.4,20,296,752,14.780468483737147,37.550379391115996,0.0,0.0,0.0,0.0,16,311,904,15.529478710953557,45.140349693575615,0.0,0.0,0.0,0.0,21,723,862,36.10229295183094,43.04312105736967,0.0,0.0,0.0,0.0,19,345,856,17.227235225977417,42.7435169664831,0.0,0.0,0.0,0.0,12,773,905,38.598993709218966,45.19028370872337,-0.0021464883105851242,-0.23042676404977505,8.585953242344535,-4.283025354085033
29,1063.8,20,295,752,14.730534468589386,37.550379391115996,0.0,-0.2199193230714833,0.0,-4.165138694535672,16,311,904,15.529478710953557,45.140349693575615,0.0,0.022191985180810347,0.0,-8.535378915696208,21,723,862,36.10229295183094,43.04312105736967,0.0,0.0,0.0,0.0,19,345,856,17.227235225977417,42.7435169664831,0.0,0.0,0.0,0.0,12,774,905,38.64892772436673,45.19028370872337,0.0,0.24211130825225918,0.0,-4.370240221159914
30,1096.5,20,296,752,14.780468483737147,37.550379391115996,-0.23171147290851543,0.0,-4.283021680379211,0.0,16,311,904,15.529478710953557,45.140349693575615,0.0,0.0,0.0,0.0,21,723,862,36.10229295183094,43.04312105736967,-0.23042834769805212,0.0,4.271146389213197,0.0,19,345,856,17.227235225977417,42.7435169664831,0.0,0.0,0.0,0.0,13,774,905,38.64892772436673,45.19028370872337,-0.23171147290852367,0.0,-4.283021680379364,0.0
31,1132.5,20,296,752,14.780468483737147,37.550379391115996,0.0,0.0,0.0,0.0,16,311,904,15.529478710953557,45.140349693575615,0.0,0.0,0.0,0.0,21,723,862,36.10229295183094,43.04312105736967,0.0,-0.21290824672852124,0.0,-3.939097996827408,19,345,856,17.227235225977417,42.7435169664831,0.0,0.0,0.0,0.0,13,774,904,38.64892772436673,45.140349693575615,0.23719874371913316,-0.02429049699060849,-4.15773433337657,8.096832330202826
32,1174.6,21,295,751,14.730534468589386,37.50044537596823,0.0,0.038401681280255805,0.0,8.827972708104973,16,311,903,15.529478710953557,45.09041567842785,0.0,0.038401681280255805,0.0,8.827972708104973,21,723,862,36.10229295183094,43.04312105736967,0.0,0.0,0.0,0.0,19,345,856,17.227235225977417,42.7435169664831,0.0,0.0,0.0,0.0,13,774,905,38.64892772436673,45.19028370872337,0.0,0.0,0.0,0.0
33,1204.4,20,295,752,14.730534468589386,37.550379391115996,-0.2321383902658483,0.0,4.2751084763508,0.0,16,311,904,15.529478710953557,45.140349693575615,0.0,0.0,0.0,0.0,21,723,862,36.10229295183094,43.04312105736967,0.0,-0.22915545891414926,0.0,-4.247552528529177,19,345,856,17.227235225977417,42.7435169664831,0.0,0.0,0.0,0.0,12,773,905,38.598993709218966,45.19028370872337,-0.002982931351707273,0.0,8.522661004880128,0.0
34,1246.6,20,296,752,14.780468483737147,37.550379391115996,0.0,0.0,0.0,0.0,16,311,904,15.529478710953557,45.140349693575615,0.0,0.0,0.0,0.0,21,723,861,36.10229295183094,42.993187042221905,0.25885359322678747,-0.2064577913930685,4.5373110118630615,4.052164698588191,19,345,856,17.227235225977417,42.7435169664831,0.0,0.0,0.0,0.0,12,774,905,38.64892772436673,45.19028370872337,-0.25885359322682433,0.20645779139303908,-4.537311011863708,-4.052164698587614
35,1276.7,20,295,752,14.730534468589386,37.550379391115996,0.2033917737331907,0.2593824058405953,3.9841679477608305,-4.499261159420562,16,311,904,15.529478710953557,45.140349693575615,0.0,0.2593824058405953,0.0,-4.499261159420562,21,723,862,36.10229295183094,43.04312105736967,0.0,0.0,0.0,0.0,19,345,856,17.227235225977417,42.7435169664831,0.0,0.0,0.0,0.0,11,774,905,38.64892772436673,45.19028370872337,0.0,0.0,0.0,0.0
36,1313.0,20,295,752,14.730534468589386,37.550379391115996,0.21454894659086254,0.0,3.951177653607048,0.0,16,311,904,15.529478710953557,45.140349693575615,0.0,0.0,0.0,0.0,21,723,861,36.10229295183094,42.993187042221905,0.0,-0.23517311160571452,0.0,4.136730195351178,19,345,856,17.227235225977417,42.7435169664831,0.0,0.0,0.0,0.0,12,774,905,38.64892772436673,45.19028370872337,0.23517311160571452,0.0,-4.136730195351178,0.0
37,1348.5,20,296,752,14.780468483737147,37.550379391115996,-0.20563078279151337,0.0,-4.0359329301572755,0.0,16,311,904,15.529478710953557,45.140349693575615,0.0,0.0,0.0,0.0,21,724,861,36.152226966978695,42.993187042221905,0.053543442884747654,0.20563078279152067,-8.566950861559622,4.035932930157419,19,345,856,17.227235225977417,42.7435169664831,0.0,0.0,0.0,0.0,11,773,905,38.598993709218966,45.19028370872337,-0.053543442884755266,0.0,8.566950861560843,0.0
38,1392.0,20,296,752,14.780468483737147,37.550379391115996,-0.043845635078977555,0.0,-8.272761335656204,0.0,16,311,904,15.529478710953557,45.140349693575615,0.0,0.0,0.0,0.0,21,723,862,36.10229295183094,43.04312105736967,0.0,0.0,0.0,0.0,19,345,856,17.227235225977417,42.7435169664831,0.0,0.0,0.0,0.0,12,774,905,38.64892772436673,45.19028370872337,-0.2499518948744037,0.0,-4.335679009096336,0.0
39,1426.7,20,296,752,14.780468483737147,37.550379391115996,-0.032792720510090634,0.0,-8.30195455951651,0.0,16,311,904,15.529478710953557,45.140349693575615,0.0,0.0,0.0,0.0,21,723,861,36.10229295183094,42.993187042221905,0.0,0.2444762982676991,0.0,4.300374639713263,19,345,856,17.227235225977417,42.7435169664831,0.0,0.0,0.0,0.0,11,774,905,38.64892772436673,45.19028370872337,-0.2444762982676991,0.0,-4.300374639713263,0.0
40,1462.9,20,295,752,14.730534468589386,37.550379391115996,0.03592648508656349,0.0,8.258962088864907,0.0,16,311,904,15.529478710953557,45.140349693575615,0.0,0.0,0.0,0.0,21,723,862,36.10229295183094,43.04312105736967,-0.2096164728491871,0.20961647284921694,3.9662530340432824,-3.966253034043847,19,345,856,17.227235225977417,42.7435169664831,0.0,0.0,0.0,0.0,11,774,905,38.64892772436673,45.19028370872337,0.20961647284921694,0.0,-3.966253034043847,0.0
41,1496.7,20,295,752,14.730534468589386,37.550379391115996,-0.012853918251873759,0.0,8.864771208189227,0.0,16,311,904,15.529478710953557,45.140349693575615,0.0,0.0,0.0,0.0,21,723,862,36.10229295183094,43.04312105736967,0.22886580266973336,0.0,4.371839592545048,0.0,19,345,856,17.227235225977417,42.7435169664831,0.0,0.0,0.0,0.0,12,773,905,38.598993709218966,45.19028370872337,-0.24171972092164015,0.0,4.492931615643873,0.0
42,1532.5,20,295,752,14.730534468589386,37.550379391115996,-0.03471554623775451,-0.21027777434458164,8.265606247084301,-3.9750051860979543,16,311,904,15.529478710953557,45.140349693575615,0.0,-0.4205555486891633,0.0,-7.950010372195909,21,723,862,36.10229295183094,43.04312105736967,0.21027777434455172,0.03471554623775573,3.9750051860973885,-8.265606247084596,19,345,856,17.227235225977417,42.7435169664831,0.0,-0.21027777434455172,0.0,-3.9750051860973885,12,773,905,38.598993709218966,45.19028370872337,-0.03471554623775573,0.0,8.265606247084596,0.0
43,1568.6,20,296,752,14.780468483737147,37.550379391115996,0.23940276145152506,-0.2267876911817259,-4.408890634466386,-4.291157827468804,16,311,904,15.529478710953557,45.140349693575615,0.0,-0.4535753823634518,0.0,-8.582315654937608,21,723,862,36.10229295183094,43.04312105736967,0.0,-0.2267876911817259,0.0,-4.291157827468804,19,345,856,17.227235225977417,42.7435169664831,0.0,-0.45357538236341954,0.0,-8.582315654936998,12,774,905,38.64892772436673,45.19028370872337,0.0,0.0,0.0,0.0
44,1604.3,20,296,752,14.780468483737147,37.550379391115996,0.00043089208240425935,-0.6951368020393889,-8.617841648072535,-12.920758402219137,16,311,904,15.529478710953557,45.140349693575615,0.0,-0.46342453469294786,0.0,-8.613838934813165,21,724,862,36.152226966978695,43.04312105736967,0.0004308920824042159,-0.23171226734647393,-8.617841648071616,-4.3069194674065825,19,345,856,17.227235225977417,42.7435169664831,0.0,-0.4634245346929149,0.0,-8.613838934812552,11,773,905,38.598993709218966,45.19028370872337,-0.23171226734644096,-0.23171226734644096,-4.30691946740597,-4.30691946740597
45,1646.7,20,296,751,14.780468483737147,37.50044537596823,0.20607457441631152,-0.9840794491535779,-4.048616393247772,-9.5766878928687,16,311,902,15.529478710953557,45.04048166328009,0.0,-0.9308190653241315,0.0,-0.9863034042483628,21,724,861,36.152226966978695,42.993187042221905,-0.05326038382943894,-0.7247444909078495,-8.590384488619112,-5.034919797496925,19,345,855,17.227235225977417,42.693582951335344,0.2593349582457653,-0.9840794491535856,4.54176809537242,-9.576687892869922,12,774,905,38.64892772436673,45.19028370872337,-0.05326038382944646,-0.7780048747372591,-8.590384488620337,-13.625304286116615
46,1677.2,20,296,751,14.780468483737147,37.50044537596823,0.23375896807740323,-1.631175373623229,4.304953371591215,-21.57233540349807,16,311,902,15.529478710953557,45.04048166328009,0.0,-1.626037970704677,0.0,-13.009997205858404,21,723,861,36.10229295183094,42.993187042221905,0.23375896807737828,-0.6961395013136492,4.304953371590755,-4.352521917133825,19,345,854,17.227235225977417,42.64364893618758,0.0,-1.3922790026272327,0.0,-8.705043834267645,12,774,905,38.64892772436673,45.19028370872337,0.0,-0.7012769042322015,0.0,-12.91486011477349
47,1712.0,20,295,749,14.730534468589386,37.400577345672716,0.2273266006155524,-2.5365535947451803,12.831318129653743,-21.27453951246592,16,311,902,15.529478710953557,45.04048166328009,0.0,-1.8442992249059278,0.0,-17.02914509885405,21,723,861,36.10229295183094,42.993187042221905,-0.002568641998150596,-1.6118353402940655,8.562139993836615,-21.322106956875515,19,345,854,17.227235225977417,42.64364893618758,0.22989524261371144,-2.533984952747029,4.269178135816366,-29.83667950630376,11,772,904,38.54905969407121,45.140349693575615,-0.002568641998150596,-1.1520448550666424,8.562139993836615,-12.783750685244001
48,1748.5,21,296,748,14.780468483737147,37.35064333052495,0.4449371837596064,-3.6516376493376614,8.74139850215337,-42.831135293459084,17,311,900,15.529478710953557,44.94061363298457,0.0,-1.8411755212122976,0.0,-16.898892192768656,21,723,859,36.10229295183094,42.89331901192638,-0.030713393086933802,-2.063644113092113,9.03335090792177,-21.269591443844213,19,346,852,17.27716924112518,42.543780905892056,0.25318198496674926,-3.4291690574578544,-4.662651656846214,-38.460436042380955,14,773,902,38.598993709218966,45.04048166328009,-0.25318198496674926,-1.6494203224194244,4.662651656846214,-3.494842033768761
49,1784.6,20,297,745,14.830402498884908,37.20084128508167,0.45520721116383683,-5.125486466235439,-0.18114996216041626,-43.49863466376849,18,311,897,15.529478710953557,44.790811587541285,-0.2176584726593116,-1.8407191105005618,-4.053230403339141,9.012210617480656,21,724,859,36.152226966978695,42.89331901192638,0.23754873850449992,-2.6516822036021677,-4.2343803654991055,-32.06354330239171,19,345,850,17.227235225977417,42.44391287559654,0.21765847265931934,-4.650388989226405,4.053230403339285,-51.96739539476731,13,774,902,38.64892772436673,45.04048166328009,-0.21765847265931934,-2.2362555241287407,-4.053230403339285,-15.66947172687532
50,1820.3,21,297,741,14.830402498884908,37.00110522449063,1.1111379432619202,-6.570014801058508,3.4902209773890664,-53.21227870200001,19,311,896,15.529478710953557,44.74087757239353,0.0,-1.8455897101781689,0.0,17.005313422543043,21,724,855,36.152226966978695,42.693582951335344,0.23674951742930844,-3.7585064353879347,-4.142598730171628,-18.320941890656716,19,346,845,17.27716924112518,42.19424279985773,0.2367495174293421,-6.594218015686758,-4.142598730172217,-45.14454049258324,16,773,900,38.598993709218966,44.94061363298457,0.23674951742930844,-2.647368492126009,-4.142598730171628,-14.830720913266939
51,1857.1,21,298,735,14.880336514032669,36.70150113360406,1.3607433602814765,-8.844831841829588,8.124276940238358,-52.80780011154889,20,311,894,15.529478710953557,44.641009542098004,0.0,-1.3907301577519264,0.0,25.194386915795747,21,724,852,36.152226966978695,42.543780905892056,0.23178835962529357,-4.986893421242861,-4.19906448596546,-32.565570768876796,19,346,840,17.27716924112518,41.944572724118935,0.22429166025770195,-8.388751821946544,4.130601478042397,-52.87626311947344,17,773,898,38.598993709218966,44.84074560268905,0.0,-2.2729034000475172,0.0,-7.987350924391336
52,1896.8,21,298,728,14.880336514032669,36.35196302756974,1.3323635219163663,-10.444106621086785,15.816734824059328,-51.30742870256561,20,310,894,15.479544695805796,44.641009542098004,-0.0007918944809372628,-0.6681614971605184,7.9189448093707675,11.888994611397113,21,724,849,36.152226966978695,42.393978860448776,0.0,-6.221919872841342,0.0,-31.577056862299443,19,346,833,17.27716924112518,41.595034618084604,0.4446491036260803,-10.222178016514206,-0.007051598227683764,-47.35148209699379,19,773,895,38.598993709218966,44.69094355724577,-0.4446491036260645,-2.2248293070922602,0.007051598227964873,15.873147609878544
53,1934.6,20,300,719,14.98020454432819,35.9025568912399,1.8798869505816715,-12.865365205641368,9.961205222431612,-56.942584020359796,20,311,894,15.529478710953557,44.641009542098004,0.0,-0.41646484709299847,0.0,8.001245861536942,21,724,844,36.152226966978695,42.14430878470997,0.2510379359884499,-7.3113153787802165,4.392614802947508,-43.84544382049435,19,346,824,17.27716924112518,41.14562848175476,0.753113807965314,-12.406094846106418,13.177844408841898,-56.55059214818074,20,773,892,38.598993709218966,44.541141511802486,0.0,-1.6658593883719344,0.0,32.00498344614663
54,1967.5,20,302,709,15.080072574623712,35.403216739762286,2.056108439157423,-14.175964113211867,4.472916517659217,-43.77068306566624,20,311,894,15.529478710953557,44.641009542098004,0.0,0.0,0.0,0.0,21,724,837,36.152226966978695,41.79477067867565,0.46357671925065314,-8.000142096371974,8.398128971932113,-22.02226754867956,19,347,815,17.327103256272938,40.696222345424914,0.9196567391336652,-13.951672452954183,8.466591979855476,-47.90128454370834,20,773,892,38.598993709218966,44.541141511802486,0.0,-1.3457499615462436,0.0,24.783608868254966
55,2009.2,20,303,698,15.130006589771472,34.85394257313692,2.7882650604331354,-15.750244729807717,10.088986501861811,-43.1078401358851,20,311,894,15.529478710953557,44.641009542098004,0.21488204060973906,0.0,-4.081330305977952,0.0,21,724,831,36.152226966978695,41.495166587789086,0.7345092245933612,-9.499114119524181,13.06955915646549,-26.73600802529553,19,347,804,17.327103256272938,40.14694817879955,1.1942276734008448,-15.780199097395755,13.344748569308893,-51.54569016068501,21,772,892,38.54905969407121,44.541141511802486,0.029954367588036088,-0.6446461218292096,8.437850024798728,12.243990917933711
56,2038.7,20,305,686,15.229874620066992,34.25473439136379,3.2252836562996965,-17.43047156477388,15.886954349480472,-30.763590026374267,20,311,894,15.529478710953557,44.641009542098004,0.0,0.0,0.0,0.0,21,725,824,36.20216098212646,41.14562848175476,0.911015391039538,-10.463180243885834,8.287067330598834,-16.709116508143772,19,349,792,17.42697128656846,39.54773999702642,1.6248850907036196,-16.96272060670035,3.570883405534748,-30.992650130280875,20,773,892,38.598993709218966,44.541141511802486,-0.22163221648297288,0.0,-4.258063717252115,0.0
57,2076.1,20,307,673,15.329742650362514,33.605592194442906,3.6064260680008737,-18.36810997185267,24.078052705977097,-33.43273974539829,20,311,894,15.529478710953557,44.641009542098004,0.0,0.0,0.0,0.0,21,726,817,36.25209499727422,40.79609037572044,1.1315347311519677,-10.648842248558704,3.903123549270737,-26.756740778884556,19,350,779,17.476905301716222,38.898597800105534,1.8083862738880794,-18.36810997185267,7.9004344428777635,-33.43273974539829,21,773,892,38.598993709218966,44.541141511802486,-0.22216835432025767,0.0,-4.091498237942133,0.0
58,2114.5,21,310,660,15.479544695805796,32.956449997522014,4.1344295654329795,-19.247606771961568,15.479190231278643,-23.31878934471982,20,311,894,15.529478710953557,44.641009542098004,0.0,0.0,0.0,0.0,21,727,808,36.30202901242198,40.34668423939059,1.5456017876359374,-11.321588310926106,2.3358076629566633,-7.87888639829281,19,351,765,17.52683931686398,38.19952158803688,2.390818254941136,-19.102775624987046,9.382517936679548,-11.56117646023219,21,773,892,38.598993709218966,44.541141511802486,0.05317837588141697,0.0,-7.996748252844674,0.0
59,2148.4,21,314,644,15.679280756396839,32.15750575515785,4.9885236267666055,-20.871903538626835,16.259626698229784,-31.979016607225606,20,311,894,15.529478710953557,44.641009542098004,0.0,0.0,0.0,0.0,21,728,799,36.35196302756974,39.89727810306074,1.5875951656008227,-12.251761150162379,4.04802427489404,-15.899468838739441,19,353,751,17.626707347159503,37.50044537596823,2.718761900705432,-20.869427453342844,16.372176029320524,-40.232634220539325,21,772,892,38.54905969407121,44.541141511802486,-0.22821421524809035,0.0,4.1380637397659275,0.0
60,2187.2,21,318,628,15.879016816987882,31.358561512793678,6.053626128036923,-22.48839223394818,19.975953775319983,-40.73975822211777,20,311,894,15.529478710953557,44.641009542098004,0.0,0.0,0.0,0.0,21,729,790,36.4018970427175,39.4478719667309,1.8720027232530683,-13.201297151768165,9.426633284232443,-19.192042357199426,19,355,734,17.726575377455024,36.651567118456306,3.5251964673672616,-22.48839223394818,23.00523960715256,-40.73975822211777,21,772,892,38.54905969407121,44.541141511802486,0.024306178028426873,0.0,8.528483518746537,0.0
61,2233.1,21,322,611,16.078752877578925,30.509683255281747,7.051966552040271,-24.46873674526038,33.72042168452731,-64.72724730450133,20,311,894,15.529478710953557,44.641009542098004,0.0,0.0,0.0,0.0,21,731,780,36.501765073013026,38.94853181525329,2.4442078058275483,-14.302885986368702,12.817750822567977,-42.39594792620287,19,358,718,17.876377422898308,35.852622876092134,4.417692092919453,-24.088603438673886,24.79747933108298,-72.51686424274986,21,772,892,38.54905969407121,44.541141511802486,-0.19006665329323655,0.0,3.894808469123703,0.0
62,2258.7,21,327,594,16.328422953317727,29.660804997769816,7.217492530576973,-24.331435659555336,24.156853878567535,-30.750486945421915,20,311,894,15.529478710953557,44.641009542098004,0.0,0.0,0.0,0.0,21,732,770,36.55169908816078,38.449191663775686,2.5728473050997613,-14.377219489299327,13.816928390544613,-22.640120266191758,19,361,700,18.02617946834159,34.953810603432444,4.663900416095434,-24.312180468937115,18.897787985004147,-22.192624448441304,21,772,892,38.54905969407121,44.541141511802486,0.0,0.0,0.0,0.0
63,2292.6,21,333,576,16.62802704420429,28.761992725110126,7.944134193392471,-25.051223427645983,15.897064542622068,-7.890814713324308,20,311,894,15.529478710953557,44.641009542098004,0.0,0.0,0.0,0.0,21,734,760,36.651567118456306,37.94985151229808,3.25870528968654,-14.972277548951352,16.88650839382203,-14.412898765821193,19,365,682,18.22591552893263,34.054998330772754,5.372422032081117,-25.051223427645997,12.046478888366474,-7.8908147133246285,21,773,892,38.598993709218966,44.541141511802486,0.23954518091217017,0.0,-4.4442519649753205,0.0
64,2330.7,20,339,557,16.927631135090856,27.813246437302674,9.031344691406975,-26.545098122251364,6.840605761511725,22.178858431735257,20,311,894,15.529478710953557,44.641009542098004,0.0,0.0,0.0,0.0,21,737,748,36.80136916389959,37.35064333052495,3.3991583747896934,-15.95528003082611,6.750908377475998,8.535414228305171,19,369,664,18.425651589523675,33.15618605811306,6.081889344490151,-26.769949636187803,9.30492336503791,17.57124544123521,21,772,892,38.54905969407121,44.541141511802486,0.0,0.0,0.0,0.0
65,2364.5,20,345,539,17.227235225977417,26.91443416464298,9.100881096172802,-25.249781252295247,11.445954544794008,13.390456836916936,20,311,894,15.529478710953557,44.641009542098004,0.0,0.0,0.0,0.0,21,739,737,36.901237194195105,36.80136916389959,3.9592782830308098,-14.966575626011215,12.391596712121656,11.499172502261972,19,373,646,18.625387650114718,32.25737378545337,6.296370470822623,-25.24059562815171,11.961759363335878,4.6422433668799705,21,772,892,38.54905969407121,44.541141511802486,0.0,0.0,0.0,0.0
66,2400.4,21,352,521,17.576773332011744,26.01562189198329,9.24539084450715,-24.50824849400404,8.244988353754096,17.964561163082063,20,311,894,15.529478710953557,44.641009542098004,0.0,0.0,0.0,0.0,21,743,726,37.10097325478615,36.25209499727422,4.161196469324347,-14.798790065580542,-0.1427017215065348,17.631590479565382,19,378,627,18.87505772585352,31.308627497645915,6.701581236257654,-24.50824849400404,12.613246606559981,17.96456116308268,21,773,892,38.598993709218966,44.541141511802486,0.0,0.0,0.0,0.0
67,2437.0,21,359,503,17.926311438046067,25.116809619323597,9.550910050624681,-24.021522796691087,2.934847845594703,25.301392284356307,20,311,894,15.529478710953557,44.641009542098004,0.0,0.0,0.0,0.0,20,745,715,37.20084128508167,35.702820830648854,4.187311415573623,-14.233876471716375,8.07793528732041,23.852235049394324,19,383,609,19.12472780159232,30.409815224986225,6.98378179413783,-24.25825907104108,7.663890363046349,29.685397364911765,21,772,892,38.54905969407121,44.541141511802486,0.22934212207732346,-0.22934212207735608,4.314997593176352,-4.314997593176965
68,2472.4,20,366,486,18.27584954408039,24.267931361811666,9.713893173028739,-22.89853365944971,-0.08335812485079755,30.191518934084645,20,311,894,15.529478710953557,44.641009542098004,0.0,0.0,0.0,0.0,21,749,706,37.400577345672716,35.253414694319005,4.394594495169611,-13.646349827081615,-4.322714188696255,12.972112000603623,19,388,592,19.374397877331127,29.560936967474294,7.400632964708671,-23.13003108046416,8.50649816930632,34.47850821212929,21,772,892,38.54905969407121,44.541141511802486,0.0,0.0,0.0,0.0
69,2508.6,21,373,470,18.625387650114718,23.468987119447497,9.513824146468506,-21.57972011324258,-3.283189796242877,36.16720188241638,20,311,894,15.529478710953557,44.641009542098004,0.0,0.0,0.0,0.0,21,752,696,37.550379391115996,34.7540745428414,4.295250546389913,-12.719587989055691,2.6205959371362413,20.80098025102342,19,394,576,19.674001968217688,28.761992725110126,7.248627921118871,-21.579720113242562,-2.5014779399940585,36.16720188241609,21,773,892,38.598993709218966,44.541141511802486,0.0,0.0,0.0,0.0
70,2545.0,20,380,454,18.97492575614904,22.670042877083326,9.57172782151269,-20.56406570500528,-2.5493335698908335,38.725590895010434,20,311,894,15.529478710953557,44.641009542098004,0.0,0.0,0.0,0.0,21,755,687,37.70018143655928,34.30466840651155,4.557965629291733,-12.098566557570297,-1.213968366614676,15.690541138495986,19,399,560,19.923672043956493,27.963048482745954,7.513990741682355,-20.785311439820827,2.154793850741167,34.62844765768547,21,773,891,38.598993709218966,44.491207496654724,0.2345508281136117,-0.013305093298097466,-4.218540073985829,8.315683311311385
71,2580.4,20,387,440,19.324463862183364,21.97096666501468,9.543194109323595,-19.808330301984448,-3.077735647466649,27.034469167124012,20,311,894,15.529478710953557,44.641009542098004,0.0,0.0,0.0,0.0,21,758,678,37.84998348200256,33.85526227018171,4.309102167683554,-11.847611471966244,2.739522938954468,20.337857538569857,19,405,546,20.223276134843058,27.263972270677304,7.506281015288503,-19.808330301984462,-6.550052788198302,27.034469167124303,21,772,892,38.54905969407121,44.541141511802486,0.2191618351162779,0.0,4.058552502153295,0.0
72,2621.0,20,394,426,19.674001968217688,21.271890452946028,9.551411569791574,-19.061458818930863,3.9520051578633137,8.64171794519415,20,311,894,15.529478710953557,44.641009542098004,0.0,0.0,0.0,0.0,21,762,670,38.0497195425936,33.455790148999625,4.54829122371029,-11.350045898949558,1.8819072180306031,3.5680960853846266,19,410,532,20.47294621058186,26.564896058608657,7.515021599285042,-19.061458818930877,7.241578974979353,8.641717945193857,21,773,892,38.598993709218966,44.541141511802486,-0.237755641348564,0.0,-4.230527426131029,0.0
73,2656.2,21,401,413,20.023540074252015,20.62274825602514,9.781697039847604,-18.176936854753766,6.325758360087131,4.208381231815448,20,311,894,15.529478710953557,44.641009542098004,0.0,0.0,0.0,0.0,20,765,662,38.19952158803688,33.05631802781754,4.5470278234276,-10.668753726619961,1.0172452395619307,10.025516972121629,19,416,518,20.772550301468424,25.865819846540006,7.729947299826901,-18.39870102644686,1.7293169072542738,8.296200064867932,21,773,892,38.598993709218966,44.541141511802486,0.0,0.22176417169309717,0.0,-4.0878188330524825
74,2692.3,20,408,399,20.37307818028634,19.923672043956493,9.739071669282067,-17.396562834889778,6.578675056912068,16.071294319822627,20,311,894,15.529478710953557,44.641009542098004,0.0,0.0,0.0,0.0,20,768,654,38.34932363348017,32.65684590663545,4.759543361101942,-10.399026510516748,5.311257997924651,5.552847759901926,19,421,505,21.022220377207226,25.21667764961912,7.47564971101836,-17.861961724038796,6.00257639373639,7.753172976676628,21,773,892,38.598993709218966,44.541141511802486,-0.012714497496292372,0.0,-8.20290161051022,0.0
75,2728.4,20,415,386,20.72261628632066,19.274529847035605,9.709991197960631,-17.12349193849589,-0.9989394563911713,27.44705077798977,20,311,894,15.529478710953557,44.641009542098004,0.0,0.0,0.0,0.0,20,772,646,38.54905969407121,32.25737378545337,4.623805332362213,-10.411268102192846,-0.47568545542497664,13.913799571164947,19,427,492,21.32182446809379,24.56753545269823,7.860469065015747,-17.352113503654717,-0.8086652742214296,23.189665951941457,21,772,892,38.54905969407121,44.541141511802486,-0.23375896807737728,0.0,4.304953371590746,0.0
76,2764.7,20,423,374,21.122088407502748,18.675321665262477,9.68494097649696,-16.368306657174518,-8.109280265168104,29.13042425351635,20,311,894,15.529478710953557,44.641009542098004,0.0,0.0,0.0,0.0,20,775,640,38.69886173951449,31.957769694566803,4.612891252780242,-9.684940976496978,0.19682719090153192,8.10928026516841,19,433,479,21.621428558980355,23.918393255777342,7.610205239916618,-16.368306657174518,-3.936543818042925,29.13042425351635,21,773,892,38.598993709218966,44.541141511802486,-0.23170988980974522,0.0,-4.2711500425759485,0.0
77,2801.1,20,430,363,21.47162651353707,18.12604749863711,9.449783130773652,-15.209102092138155,-11.896479073610912,24.13938109840586,20,311,894,15.529478710953557,44.641009542098004,0.0,0.0,0.0,0.0,20,779,632,38.898597800105534,31.55829757338472,4.608392676203217,-9.216785352406484,-8.089763235033555,16.179526470066204,19,438,467,21.871098634719157,23.319185074004217,7.609238581627275,-15.665722577756096,-3.54689862519017,32.618870153520184,21,772,892,38.54905969407121,44.541141511802486,-0.22831024280894596,0.0,4.2397445275570185,0.0
78,2837.0,20,436,352,21.771230604423636,17.576773332011744,9.44663585376017,-14.048889447682011,-3.8510668824754966,29.175462864991392,20,311,894,15.529478710953557,44.641009542098004,0.0,0.0,0.0,0.0,20,782,625,39.048399845548815,31.208759467350394,4.377138713804146,-8.520655654591184,-4.066977869769629,20.904109224445794,19,444,457,22.17070272560572,22.81984492252661,7.371687298529371,-14.741247873833888,-8.192840554256916,24.892574007926417,21,772,892,38.54905969407121,44.541141511802486,0.0,0.0,0.0,0.0
79,2872.7,20,443,342,22.12076871045796,17.077433180534136,8.938856596061603,-13.312652455357625,-5.707097150301472,27.45576466901866,20,311,894,15.529478710953557,44.641009542098004,0.0,0.0,0.0,0.0,20,785,620,39.198201890992095,30.95908939161159,4.356983059582971,-8.264185165374586,-4.935867805665824,18.20101253339439,19,449,447,22.420372801344524,22.320504771049002,6.8812167045744825,-13.537542932253288,-9.563243873478115,23.291126207987883,21,772,892,38.54905969407121,44.541141511802486,-0.008406399856524485,0.0,8.406399856524482,0.0
80,2908.8,20,449,333,22.420372801344524,16.62802704420429,8.573576327712244,-12.513763499442422,-4.374770751113409,25.913331857875058,20,311,894,15.529478710953557,44.641009542098004,0.0,0.0,0.0,0.0,20,788,614,39.348003936435376,30.659485300725027,4.170824407160455,-7.878653972845663,-0.03592421237148217,8.669709919178349,20,454,437,22.670042877083326,21.821164619571395,6.95180410458778,-12.745260920180053,-8.661726760872822,21.61440111065875,21,772,892,38.54905969407121,44.541141511802486,0.0,0.0,0.0,0.0
81,2945.1,21,456,325,22.769910907378847,16.228554923022205,8.438453255456547,-11.40293451862882,-14.80171014441859,19.77837486032211,20,311,894,15.529478710953557,44.641009542098004,0.0,0.0,0.0,0.0,20,791,609,39.49780598187866,30.409815224986225,4.094914806542202,-6.8389435944650225,-1.1545560296187949,10.209897438387967,19,459,428,22.91971295282213,21.37175848324155,6.383953060404775,-11.8720106362504,-10.08161343509735,28.19229625263774,21,772,892,38.54905969407121,44.541141511802486,0.0,0.0,0.0,0.0
82,2982.7,20,462,316,23.06951499826541,15.77914878669236,7.7197615114458005,-10.216979102027956,-16.458268024531293,28.829205391520752,20,311,894,15.529478710953557,44.641009542098004,0.0,0.0,0.0,0.0,20,794,604,39.647608027321944,30.160145149247423,3.860087282379992,-6.584587506033145,-4.098600870751966,12.33712672735908,19,463,420,23.119449013413174,20.972286362059467,6.130848346519422,-10.898413947926857,-4.079817182068426,24.693037143401718,21,773,892,38.598993709218966,44.541141511802486,0.22686957975684496,0.0,-4.128654772645036,0.0
83,3016.6,20,467,309,23.319185074004217,15.429610680658035,7.747109944990731,-8.94463263818802,-10.958557314220881,40.30430935278198,20,311,894,15.529478710953557,44.641009542098004,0.0,0.0,0.0,0.0,20,797,598,39.797410072765224,29.86054105836086,3.6548948743164855,-5.744428327279778,-9.536052278240248,30.926313189650834,19,468,412,23.369119089151976,20.57281424087738,5.491027494999965,-9.617983299775142,-18.439880096044078,36.40559184676098,21,772,892,38.54905969407121,44.541141511802486,0.21866009817886506,0.0,4.056773621129231,0.0
84,3056.6,20,473,302,23.618789164890778,15.080072574623712,7.284500461452819,-7.184517867768701,-5.89699468076037,55.88829152281902,20,311,894,15.529478710953557,44.641009542098004,0.0,0.0,0.0,0.0,20,800,595,39.947212118208505,29.710739012917575,3.1609318181136943,-4.969559109266386,-15.598502058784929,23.321662834233273,19,472,405,23.56885514974302,20.223276134843058,4.7497296099775665,-8.130490927380096,-19.231811684673215,38.920164893017905,21,772,892,38.54905969407121,44.541141511802486,0.2364932649028238,0.0,4.242031657449754,0.0
85,3092.6,21,477,297,23.81852522548182,14.830402498884908,7.365898626300958,-5.4424575008444265,10.018543090139246,58.05926778743338,20,311,894,15.529478710953557,44.641009542098004,0.0,0.0,0.0,0.0,20,802,591,40.04708014850403,29.511002952326535,2.7370932282702096,-4.330205505239382,-16.338051615322314,28.68893334168117,19,476,399,23.768591210334062,19.923672043956493,4.330205505239382,-7.302440714908986,-28.68893334168117,40.74778602343852,21,773,892,38.598993709218966,44.541141511802486,0.0,0.0,0.0,0.0
86,3128.6,20,483,294,24.118129316368385,14.680600453441626,7.2750490145319695,-3.751962403142046,2.5288978417430306,52.4219448444675,20,311,894,15.529478710953557,44.641009542098004,0.0,0.0,0.0,0.0,20,804,589,40.14694817879955,29.411134922031014,2.23871208294029,-3.3841236749861596,-15.752926139191807,11.221984172735183,19,478,395,23.868459240629583,19.72393598336545,3.3667533079356864,-5.841495856105346,-19.493587530103724,31.031683933056787,21,773,892,38.598993709218966,44.541141511802486,0.21866009817886545,0.0,-4.0567736211292225,0.0
87,3164.1,20,488,293,24.367799392107187,14.630666438293865,7.5584225097967686,-2.56335087884692,10.993218835996663,30.086908271074588,20,311,894,15.529478710953557,44.641009542098004,0.0,0.0,0.0,0.0,20,805,587,40.19688219394731,29.311266891735492,1.8473028198080053,-3.2245530517424923,-8.841107212018601,9.143566142955459,20,480,392,23.968327270925105,19.574133937922166,3.2245530517424936,-5.071855871550514,-9.143566142956058,17.98467335497436,21,773,892,38.598993709218966,44.541141511802486,0.23502629393672492,0.0,-4.2693241405399665,0.0
88,3200.0,20,494,292,24.667403482993752,14.580732423146104,8.0736746143783,-2.080377590417439,3.161642907576601,4.549296652547702,20,311,894,15.529478710953557,44.641009542098004,0.0,0.0,0.0,0.0,20,806,585,40.24681620909507,29.21139886143997,1.8461913099628646,-2.769286964944297,-0.2523006809038351,0.3784510213557554,20,482,388,24.068195301220626,19.374397877331127,2.7692869649442806,-4.849664555361735,-0.37845102135605674,4.927747673903151,21,773,892,38.598993709218966,44.541141511802486,0.0,0.0,0.0,0.0
89,3236.4,20,499,292,24.917073558732554,14.580732423146104,8.564338697698533,-1.8511223683085183,21.391133385836955,-17.155895960728618,20,311,894,15.529478710953557,44.641009542098004,0.0,0.0,0.0,0.0,20,807,583,40.29675022424283,29.11153083114445,1.8515516637561744,-2.7779714388057335,8.569987007761108,0.02388291781073544,19,483,386,24.118129316368385,19.274529847035605,3.0088251155347314,-5.0920890469151985,12.852990268490466,-17.128032556616244,21,773,892,38.598993709218966,44.541141511802486,0.0,0.0,0.0,0.0
90,3274.2,20,506,291,25.26661166476688,14.530798407998343,9.268067036022153,-2.118551436099822,20.062994174455383,-22.006991054960185,20,311,894,15.529478710953557,44.641009542098004,0.0,0.0,0.0,0.0,20,808,581,40.34668423939059,29.011662800848928,2.1023385809803705,-3.24868731914359,13.473909413151492,-9.581972453602097,20,486,383,24.267931361811666,19.12472780159232,3.487684779847883,-5.590023360828269,13.923434046777853,-27.397343459929047,21,773,892,38.598993709218966,44.541141511802486,0.0,0.0,0.0,0.0
91,3309.0,21,512,288,25.566215755653445,14.380996362555063,9.940935416248728,-2.546895062998796,31.100023181789066,-13.109250277893711,20,311,894,15.529478710953557,44.641009542098004,0.0,0.0,0.0,0.0,20,810,579,40.446552269686116,28.911794770553406,2.3130346988071158,-3.4695520482106903,8.818234421165334,-13.227351631748311,20,488,378,24.367799392107187,18.87505772585352,3.7034124124023546,-6.016447111209503,17.518367488476684,-26.336601909642017,21,773,892,38.598993709218966,44.541141511802486,-0.23386036419164682,0.0,-4.291015856727465,0.0
92,3344.3,21,520,286,25.965687876835528,14.281128332259541,11.081130961389663,-2.7715646807700276,25.25932562604673,0.09487070657646274,20,311,894,15.529478710953557,44.641009542098004,0.0,0.0,0.0,0.0,20,812,577,40.546420299981634,28.811926740257885,2.769855426873214,-3.692001066566404,8.451398777540815,-16.966044692799983,20,491,373,24.51760143755047,18.625387650114718,4.385746863707316,-6.6953840976823455,12.669192274096805,-12.590133351949941,21,773,892,38.598993709218966,44.541141511802486,0.0,0.0,0.0,0.0
93,3380.5,21,528,284,26.365159998017614,14.18126030196402,12.107890440677382,-2.5603829577314823,33.36736151049707,13.694074373273274,20,311,894,15.529478710953557,44.641009542098004,0.0,0.0,0.0,0.0,20,814,573,40.64628833027715,28.612190679666842,2.981624152436773,-4.122407438466847,3.069563238897443,-6.856788022846718,19,495,368,24.717337498141514,18.375717574375912,4.582617655068519,-7.343878954678531,6.6773726365830885,-5.600880319003389,21,773,892,38.598993709218966,44.541141511802486,0.0,0.0,0.0,0.0
94,3416.5,21,537,281,26.81456613434746,14.031458256520738,13.841335125346717,-1.6340341278403714,41.46555280142931,30.09270953665511,20,311,894,15.529478710953557,44.641009542098004,0.0,0.0,0.0,0.0,20,816,570,40.74615636057268,28.46238863422356,3.001700471903664,-4.38818643707712,3.994152055049512,-3.863520719255041,20,498,362,24.867139543584795,18.076113483489348,4.850348425468268,-7.394591814258332,3.8199769406565816,0.6967004575707882,21,772,892,38.54905969407121,44.541141511802486,-0.004704905277530228,0.0,8.554373231873821,0.0
95,3452.6,21,547,280,27.313906285825066,13.981524241372977,15.495690647562219,-0.21930947228934325,56.26532231804499,47.03818946850555,20,311,894,15.529478710953557,44.641009542098004,0.0,0.0,0.0,0.0,20,819,567,40.89595840601596,28.312586588780277,3.00286014321884,-4.389289105322392,-4.148449260539407,4.089072601276618,20,502,357,25.066875604175838,17.826443407750546,5.083572861046404,-7.162147029529531,0.2177144172991155,3.970319282749824,21,773,892,38.598993709218966,44.541141511802486,0.0,0.0,0.0,0.0
96,3491.4,20,559,280,27.913114467598195,13.981524241372977,16.863669504869005,1.6525381206989103,52.399618907746756,62.28286121609352,20,311,894,15.529478710953557,44.641009542098004,0.0,0.0,0.0,0.0,20,821,563,40.99582643631148,28.112850528189234,2.7183340669595597,-3.8502841558733985,-7.817806439568543,11.764331442025208,20,506,351,25.26661166476688,17.52683931686398,4.304718045005267,-6.568618222832942,-11.689087876677778,19.582137881592875,21,773,892,38.598993709218966,44.541141511802486,0.0,0.0,0.0,0.0
97,3525.1,21,572,281,28.562256664519083,14.031458256520738,18.48828018404815,3.9573367900421723,44.113545885521646,72.87913057167911,20,311,894,15.529478710953557,44.641009542098004,0.0,0.0,0.0,0.0,20,823,560,41.095694466607,27.963048482745954,2.766517968564418,-3.6861290784505347,-8.325321545643362,16.79275384313326,20,509,346,25.41641371021016,17.27716924112518,4.147855793120094,-5.990920332345361,-16.75722615517178,25.153603076738108,21,773,892,38.598993709218966,44.541141511802486,0.22894219760824616,0.0,-4.2514799927250815,0.0
98,3560.4,21,587,285,29.311266891735492,14.23119431711178,19.04942648329142,5.49819223716894,9.666696897709983,59.0379090372138,20,311,894,15.529478710953557,44.641009542098004,0.0,0.0,0.0,0.0,20,825,558,41.195562496902525,27.863180452450433,2.2646703405201465,-3.1926111549272695,-9.547094388786974,18.1127446602284,20,513,342,25.616149770801204,17.077433180534136,3.6749754606300535,-5.252887139594484,-26.351246892556045,31.451942126063603,21,773,892,38.598993709218966,44.541141511802486,0.0,0.0,0.0,0.0
99,3600.3,21,602,291,30.060277118951902,14.530798407998343,19.572847776295326,7.279539385478898,-2.64427875299355,41.05967808197777,20,311,894,15.529478710953557,44.641009542098004,0.0,0.0,0.0,0.0,20,826,556,41.24549651205028,27.76331242215491,1.8007040159893035,-2.4805223229911313,-9.034903403778662,13.391992394196395,20,514,339,25.666083785948967,16.927631135090856,2.9215897249768625,-4.281226338980466,-13.712717817140474,22.426895797975074,21,773,892,38.598993709218966,44.541141511802486,0.0,0.0,0.0,0.0
100,3632.8,20,617,298,30.80928734616831,14.880336514032669,20.453964928287114,9.252834217890872,-7.610579418688652,25.458797522075532,20,311,894,15.529478710953557,44.641009542098004,0.0,0.0,0.0,0.0,20,828,554,41.345364542345806,27.66344439185939,1.6187567124362663,-2.0732892663982025,-12.988722207897009,13.157846194978683,20,516,336,25.765951816244485,16.77782908964757,2.5278218203601384,-3.4554821106636755,-13.32697018206036,21.92974365829771,21,773,892,38.598993709218966,44.541141511802486,-0.21796868579111386,0.0,-4.047700757495141,0.0
101,3677.5,21,633,306,31.60823158853248,15.279808635214753,20.303585757225605,10.659923369246577,11.753615210474194,29.121461280081554,20,311,894,15.529478710953557,44.641009542098004,0.0,0.0,0.0,0.0,21,829,553,41.39529855749356,27.61351037671163,0.7969706729236574,-1.51427952806638,-15.520363640188098,10.552184918949926,20,518,334,25.865819846540006,16.67796105935205,1.51427952806638,-2.3710406262150325,-10.552184918949926,17.76832283344883,21,773,892,38.598993709218966,44.541141511802486,-0.25903309345586245,0.0,-4.424134815642402,0.0
102,3718.6,21,648,314,32.35724181574889,15.679280756396839,20.526420543215217,11.660728933435786,18.76554277530794,33.009460514081375,20,311,894,15.529478710953557,44.641009542098004,0.0,0.0,0.0,0.0,20,829,552,41.39529855749356,27.563576361563868,0.8525861530520723,-0.7641098942485807,-6.9941390803673,15.625969207537409,20,519,332,25.91575386168777,16.57809302905653,1.5141448325419864,-1.337192314935023,-10.081785858850724,27.345446113190608,21,773,892,38.598993709218966,44.541141511802486,-0.27950373236560383,0.0,-4.725337825284945,0.0
103,3745.0,21,662,322,33.05631802781754,16.078752877578925,19.887888931469014,11.555735238629822,-2.4799018080154713,15.59113154635499,20,311,894,15.529478710953557,44.641009542098004,0.0,0.0,0.0,0.0,21,830,551,41.44523257264132,27.51364234641611,0.43799328839978163,-0.656989932599688,-8.058754156389739,12.088131234584894,20,520,331,25.965687876835528,16.52815901390877,0.8759865767995944,-1.0949832209994852,-16.11750831278005,20.14688539097492,21,772,892,38.54905969407121,44.541141511802486,-0.2189966441998752,0.0,4.029377078194583,0.0
104,3780.2,21,676,331,33.755394239886186,16.52815901390877,20.3896178841566,12.528622169234696,-10.07820864901364,7.269946704107776,20,311,894,15.529478710953557,44.641009542098004,0.0,0.0,0.0,0.0,20,829,551,41.39529855749356,27.51364234641611,0.22473105560603254,-0.7236232645873154,4.376456779085355,4.845210669736856,19,520,331,25.965687876835528,16.52815901390877,0.49889220898128284,-0.7483383134719153,-9.22166744882221,13.832501173233151,21,772,892,38.54905969407121,44.541141511802486,-0.24944610449061477,0.0,4.610833724410613,0.0
105,3816.4,21,690,340,34.45447045195483,16.977565150238615,21.131768744744317,13.551732041645124,-6.3862339505820325,5.661359694698393,20,311,894,15.529478710953557,44.641009542098004,0.0,0.0,0.0,0.0,21,830,552,41.44523257264132,27.563576361563868,0.26805689409222977,-0.21940842650823997,-4.95942449754357,-4.4868798876940605,19,521,332,26.01562189198329,16.57809302905653,0.31670536167618485,-0.21940842650823997,-14.405728882781165,-4.4868798876940605,21,772,892,38.54905969407121,44.541141511802486,-0.26805689409219163,0.0,4.959424497542864,0.0
106,3853.7,21,705,349,35.20348067917124,17.42697128656846,20.637865663097944,13.45775164390804,16.2789217091918,19.404570482683127,20,311,894,15.529478710953557,44.641009542098004,0.0,0.0,0.0,0.0,20,830,551,41.44523257264132,27.51364234641611,0.0,-0.47166918207474773,0.0,-8.678365815542751,19,520,331,25.965687876835528,16.52815901390877,0.0,0.0,0.0,0.0,21,772,892,38.54905969407121,44.541141511802486,0.0,0.0,0.0,0.0
107,3888.4,21,719,359,35.9025568912399,17.926311438046067,20.998130214631324,13.844921020636033,21.32612603301952,17.060900826415878,20,311,894,15.529478710953557,44.641009542098004,0.0,0.0,0.0,0.0,20,830,550,41.44523257264132,27.463708331268347,0.46149736735455177,-0.230748683677275,1.780294400292335e-14,4.26522520660398,19,520,331,25.965687876835528,16.52815901390877,0.23074868367727683,0.0,4.265225206603998,0.0,21,772,892,38.54905969407121,44.541141511802486,0.0,0.0,0.0,0.0
108,3924.5,21,735,370,36.70150113360406,18.475585604671434,21.468917617468424,14.081969741229402,12.623955925126065,4.1487735076009145,20,311,894,15.529478710953557,44.641009542098004,0.0,0.0,0.0,0.0,20,830,551,41.44523257264132,27.51364234641611,0.0,-0.4617109245826629,0.0,0.003947453384660315,19,520,331,25.965687876835528,16.52815901390877,-0.00042691708358388923,-0.4617109245826629,8.53834167168461,0.003947453384660315,21,772,892,38.54905969407121,44.541141511802486,0.0,0.0,0.0,0.0
109,3960.5,21,751,380,37.50044537596823,18.97492575614904,21.837750845265884,14.636896447167441,6.1908382564999,2.67679287423444,20,311,894,15.529478710953557,44.641009542098004,0.0,0.0,0.0,0.0,20,830,549,41.44523257264132,27.413774316120588,0.2295649770962916,-0.24081032484478268,4.298969608544779,13.001565389137596,19,520,331,25.965687876835528,16.52815901390877,0.2295649770962916,-0.2295649770962916,4.298969608544779,-4.298969608544779,21,772,892,38.54905969407121,44.541141511802486,0.2295649770962589,0.0,4.298969608544167,0.0
110,3996.6,21,767,391,38.299389618332405,19.524199922774407,21.95099991620786,14.556762786502409,-3.7130077044329473,-3.9030123630817433,20,311,894,15.529478710953557,44.641009542098004,0.0,0.0,0.0,0.0,21,831,550,41.495166587789086,27.463708331268347,0.23042834769808562,0.0,-4.2711463892138175,0.0,19,521,331,26.01562189198329,16.52815901390877,0.23042834769808562,-0.4634229458170305,-4.2711463892138175,-8.566043360758432,21,772,892,38.54905969407121,44.541141511802486,0.0,0.0,0.0,0.0
111,4032.7,21,783,401,39.09833386069658,20.023540074252015,22.193047836396573,14.56504385296429,0.7610758480374816,4.78050767049321,20,311,894,15.529478710953557,44.641009542098004,0.0,0.0,0.0,0.0,20,830,550,41.44523257264132,27.463708331268347,0.23203379195818247,-0.2303213713000966,4.288979518635542,4.273123771801414,18,521,330,26.01562189198329,16.478224998761007,0.2303213713000966,-0.4623551632582626,-4.273123771801414,-0.015855746833823178,21,772,892,38.54905969407121,44.541141511802486,0.0,0.0,0.0,0.0
112,4068.6,21,799,412,39.89727810306074,20.57281424087738,22.84287914105593,15.228586094037285,12.405429935730528,8.27028662382003,20,311,894,15.529478710953557,44.641009542098004,0.0,0.0,0.0,0.0,21,831,550,41.495166587789086,27.463708331268347,0.46149815575175235,0.000853045769968049,-0.007883971996008583,-8.530457699687995,18,521,330,26.01562189198329,16.478224998761007,0.23117560076086022,-0.4614981557517359,-4.269170835842305,0.007883971996311918,21,773,892,38.598993709218966,44.541141511802486,0.0008530457699679634,0.0,-8.530457699687386,0.0
113,4104.5,21,814,422,40.64628833027715,21.072154392354985,23.781571867407006,15.700405429339664,37.643905780413526,25.101207781751967,20,311,894,15.529478710953557,44.641009542098004,0.0,0.0,0.0,0.0,21,831,550,41.495166587789086,27.463708331268347,0.0,-0.23010909644908237,0.0,-4.26522884984397,19,521,329,26.01562189198329,16.42829098361325,0.0,-0.46363670069182894,0.0,8.56208126854715,21,772,892,38.54905969407121,44.541141511802486,0.0,0.0,0.0,0.0
114,4140.5,21,831,433,41.495166587789086,21.621428558980355,24.788162027777506,16.525441351851672,47.38575516088527,31.590503440589977,20,311,894,15.529478710953557,44.641009542098004,0.0,0.0,0.0,0.0,21,831,550,41.495166587789086,27.463708331268347,0.23848424729363507,-0.2117606056775084,-4.169305022616011,-3.9287681943879043,19,521,329,26.01562189198329,16.42829098361325,0.0,-0.2384842472936181,0.0,4.169305022615715,21,772,892,38.54905969407121,44.541141511802486,0.2117606056774933,0.0,3.9287681943876245,0.0
115,4176.9,21,850,446,42.44391287559654,22.270570755901243,27.37464417667556,18.32331591048154,71.283675061862,48.88077185160499,20,311,894,15.529478710953557,44.641009542098004,0.0,0.0,0.0,0.0,21,832,549,41.54510060293685,27.413774316120588,0.01323253779137457,-0.013232537791373632,-8.270336119608404,8.270336119607816,18,521,329,26.01562189198329,16.42829098361325,0.0,-0.23389191588488262,0.0,4.195370688518074,21,772,892,38.54905969407121,44.541141511802486,-0.23389191588486596,0.0,4.195370688517775,0.0
116,4212.8,21,870,459,43.44259317855175,22.91971295282213,30.132592646053855,20.08096717758987,79.64179650299982,55.79559273995058,20,311,894,15.529478710953557,44.641009542098004,0.0,0.0,0.0,0.0,20,831,549,41.495166587789086,27.413774316120588,0.0,-0.2362445158056444,0.0,4.151924706601828,18,521,329,26.01562189198329,16.42829098361325,0.0,0.0,0.0,0.0,21,772,892,38.54905969407121,44.541141511802486,0.0,0.0,0.0,0.0
117,4254.9,21,894,475,44.641009542098004,23.7186571951863,34.615038788040515,23.322924713317548,124.41278959895806,87.24661826335927,20,311,894,15.529478710953557,44.641009542098004,0.0,0.0,0.0,0.0,21,831,549,41.495166587789086,27.413774316120588,0.0,0.03682205405619579,0.0,8.274618889033096,18,521,329,26.01562189198329,16.42829098361325,0.0,0.0,0.0,0.0,21,773,892,38.598993709218966,44.541141511802486,-0.03682205405619318,0.0,-8.274618889032508,0.0
118,4288.4,22,920,493,45.93929393593978,24.617469467845993,37.71278885448691,25.371702100614957,114.1538976343057,77.5476799893531,20,311,894,15.529478710953557,44.641009542098004,0.0,0.0,0.0,0.0,21,831,550,41.495166587789086,27.463708331268347,-0.22045247524946043,0.22045247524944475,4.07867669286697,-4.078676692866679,18,521,329,26.01562189198329,16.42829098361325,0.0,0.0,0.0,0.0,21,772,892,38.54905969407121,44.541141511802486,0.0,0.0,0.0,0.0
119,4326.6,22,949,512,47.38738037522484,25.566215755653445,39.819483380482,27.128175938935424,90.60232888238035,68.05693382148259,20,311,894,15.529478710953557,44.641009542098004,0.0,0.0,0.0,0.0,20,831,549,41.495166587789086,27.413774316120588,0.0,0.0,0.0,0.0,19,521,329,26.01562189198329,16.42829098361325,0.0,0.0,0.0,0.0,21,772,892,38.54905969407121,44.541141511802486,0.0,0.0,0.0,0.0
120,4360.4,22,981,534,48.98526885995318,26.664764088904178,43.91316512929265,30.41177884428426,51.85500833947101,47.13924203932722,20,311,894,15.529478710953557,44.641009542098004,0.0,0.0,0.0,0.0,21,831,550,41.495166587789086,27.463708331268347,0.0,0.04284255262718334,0.0,-8.16048621470158,18,521,329,26.01562189198329,16.42829098361325,0.0,0.0,0.0,0.0,21,772,892,38.54905969407121,44.541141511802486,-0.24787246615127914,0.0,4.273663209504813,0.0
121,4396.5,21,1015,557,50.68302537497704,27.813246437302674,,,,,20,311,894,15.529478710953557,44.641009542098004,0.0,0.0,0.0,0.0,20,831,550,41.495166587789086,27.463708331268347,0.0,0.0,0.0,0.0,18,521,329,26.01562189198329,16.42829098361325,0.0,0.0,0.0,0.0,21,772,892,38.54905969407121,44.541141511802486,0.0,0.0,0.0,0.0
122,4440.9,21,1052,583,52.530583935444184,29.11153083114445,,,,,20,311,894,15.529478710953557,44.641009542098004,0.0,0.0,0.0,0.0,20,831,549,41.495166587789086,27.413774316120588,0.0,0.26711329859105504,0.0,4.6738984880324885,18,521,329,26.01562189198329,16.42829098361325,0.0,0.0,0.0,0.0,21,772,892,38.54905969407121,44.541141511802486,0.267113298591036,0.0,4.6738984880321555,0.0
123,4476.4,21,1090,611,54.42807651105909,30.509683255281747,,,,,20,311,894,15.529478710953557,44.641009542098004,0.0,0.0,0.0,0.0,20,831,549,41.495166587789086,27.413774316120588,0.0,-0.19971696414824935,0.0,3.9784255806423956,18,521,329,26.01562189198329,16.42829098361325,0.0,0.0,0.0,0.0,21,772,892,38.54905969407121,44.541141511802486,0.26660206480637444,0.0,4.596587324247835,0.0
124,4505.7,,,,,,,,,,20,311,894,15.529478710953557,44.641009542098004,0.0,0.0,0.0,0.0,20,831,550,41.495166587789086,27.463708331268347,0.0,0.0,0.0,0.0,18,521,329,26.01562189198329,16.42829098361325,0.0,0.0,0.0,0.0,21,772,892,38.54905969407121,44.541141511802486,0.23571089654503394,0.0,4.31704938727169,0.0
125,4540.7,,,,,,,,,,20,311,894,15.529478710953557,44.641009542098004,0.0,-0.4485152403511626,0.0,-8.98828136976276,20,831,550,41.495166587789086,27.463708331268347,0.0,0.48348780557558735,0.0,-0.33773602341260944,18,521,329,26.01562189198329,16.42829098361325,0.0,0.0,0.0,0.0,21,773,892,38.598993709218966,44.541141511802486,0.25923018539997167,-0.44851524035119444,-4.831876708293965,-8.9882813697634
126,4576.8,,,,,,,,,,20,311,894,15.529478710953557,44.641009542098004,0.0,-0.2230588643952254,0.0,-4.443403673211638,20,831,549,41.495166587789086,27.413774316120588,0.0,0.22305886439520956,0.0,4.443403673211321,18,521,329,26.01562189198329,16.42829098361325,0.0,0.0,0.0,0.0,21,773,892,38.598993709218966,44.541141511802486,0.257629120313884,-0.2230588643952254,-4.775331238440869,-4.443403673211638
127,4612.7,,,,,,,,,,20,311,894,15.529478710953557,44.641009542098004,0.0,0.0,0.0,0.0,20,831,550,41.495166587789086,27.463708331268347,0.0,-0.2301007588634888,0.0,-4.300948763803529,18,521,329,26.01562189198329,16.42829098361325,0.0,0.0,0.0,0.0,21,773,892,38.598993709218966,44.541141511802486,0.23442180551869526,0.0,-4.341144546642505,0.0
128,4648.0,,,,,,,,,,22,311,892,15.529478710953557,44.541141511802486,0.0,-0.008594058502667848,0.0,17.188117005335805,20,831,551,41.495166587789086,27.51364234641611,0.0,0.004297029251334227,0.0,-8.594058502668513,18,521,329,26.01562189198329,16.42829098361325,0.0,0.0,0.0,0.0,21,773,890,38.598993709218966,44.44127348150696,0.0,-0.008594058502668454,0.0,17.188117005337027
129,4684.7,,,,,,,,,,20,311,893,15.529478710953557,44.59107552695024,0.0,-0.021277264025979587,0.0,8.183563086914075,20,831,550,41.495166587789086,27.463708331268347,0.0,0.2368347226655977,0.0,-4.1880587562439775,18,521,329,26.01562189198329,16.42829098361325,0.0,0.0,0.0,0.0,21,773,891,38.598993709218966,44.491207496654724,0.0,-0.021277264025979587,0.0,8.183563086914075
130,4720.7,,,,,,,,,,21,311,894,15.529478710953557,44.641009542098004,0.0,0.0,0.0,0.0,20,831,549,41.495166587789086,27.413774316120588,0.0,-0.23329687675218685,0.0,4.241761395494306,18,521,329,26.01562189198329,16.42829098361325,-0.22489047689567773,0.0,-4.164638461031069,0.0,21,773,892,38.598993709218966,44.541141511802486,0.0,0.0,0.0,0.0
131,4756.3,,,,,,,,,,21,311,894,15.529478710953557,44.641009542098004,0.0,0.23053561933405048,0.0,-12.772056472801768,20,831,550,41.495166587789086,27.463708331268347,0.0,0.0,0.0,8.514704315201584,18,521,329,26.01562189198329,16.42829098361325,0.0,0.0,0.0,0.0,21,773,892,38.598993709218966,44.541141511802486,0.0,0.0,0.0,-17.029408630403168
132,4797.8,,,,,,,,,,21,311,894,15.529478710953557,44.641009542098004,0.0,0.21011298225651762,0.0,-4.091781543457021,20,831,550,41.495166587789086,27.463708331268347,0.0,0.0,0.0,0.0,18,521,329,26.01562189198329,16.42829098361325,0.0,0.0,0.0,0.0,21,773,892,38.598993709218966,44.541141511802486,0.0,-0.04470918770015566,0.0,-8.597920711567939
133,4830.7,,,,,,,,,,20,311,894,15.529478710953557,44.641009542098004,0.0,0.0,0.0,0.0,20,831,549,41.495166587789086,27.413774316120588,0.0,0.23822188969861915,0.0,4.331307085429439,17,520,329,25.965687876835528,16.42829098361325,0.014918399745383582,0.23822188969861915,8.524799854504911,4.331307085429439,21,773,892,38.598993709218966,44.541141511802486,0.0,-0.23822188969863609,0.0,-4.3313070854297475
134,4864.6,,,,,,,,,,21,311,893,15.529478710953557,44.59107552695024,0.0,-0.027992182746546128,0.0,7.997766499014214,20,831,551,41.495166587789086,27.51364234641611,0.0,0.027992182746546128,0.0,-7.997766499014214,18,521,329,26.01562189198329,16.42829098361325,0.0,0.0,0.0,0.0,21,773,890,38.598993709218966,44.44127348150696,0.0,-0.055984365493092256,0.0,15.995532998028429
135,4900.5,,,,,,,,,,21,311,894,15.529478710953557,44.641009542098004,0.0,0.0,0.0,0.0,20,831,550,41.495166587789086,27.463708331268347,0.0,0.0,0.0,0.0,18,521,329,26.01562189198329,16.42829098361325,0.0,0.0,0.0,0.0,21,773,891,38.598993709218966,44.491207496654724,0.0,-0.06375881938838515,0.0,8.226944437210985
136,4937.2,,,,,,,,,,21,311,894,15.529478710953557,44.641009542098004,0.0,0.0,0.0,0.0,20,831,550,41.495166587789086,27.463708331268347,0.0,0.2483073879882013,0.0,-4.141908056517099,18,521,330,26.01562189198329,16.478224998761007,0.24830738798821894,0.2483073879882013,-4.141908056517394,-4.141908056517099,21,773,891,38.598993709218966,44.491207496654724,0.0,-0.052400145894665136,0.0,7.820917297710893
137,4979.9,,,,,,,,,,21,311,894,15.529478710953557,44.641009542098004,0.0,0.2074395839479978,0.0,-3.9139544141131664,20,831,550,41.495166587789086,27.463708331268347,0.0,-0.2074395839479978,0.0,3.9139544141131664,18,521,329,26.01562189198329,16.42829098361325,0.0,0.0,0.0,0.0,21,773,892,38.598993709218966,44.541141511802486,0.0,0.4148791678959956,0.0,-7.827908828226333
138,5018.7,,,,,,,,,,21,311,894,15.529478710953557,44.641009542098004,0.0,0.0,0.0,0.0,20,831,550,41.495166587789086,27.463708331268347,0.0,0.0,0.0,0.0,18,521,329,26.01562189198329,16.42829098361325,0.0,0.26278252348422587,0.0,4.446404796687416,21,773,892,38.598993709218966,44.541141511802486,0.0,0.1956869522197091,0.0,-3.836999063131551
139,5057.1,,,,,,,,,,20,311,894,15.529478710953557,44.641009542098004,0.0,0.0,0.0,0.0,20,831,550,41.495166587789086,27.463708331268347,0.0,0.0,0.0,0.0,18,521,330,26.01562189198329,16.478224998761007,0.0,0.0,0.0,0.0,21,773,892,38.598993709218966,44.541141511802486,-0.2750590086911276,0.18866268210783788,-4.588140261736886,-3.799852610429793
140,5085.9,,,,,,,,,,20,311,894,15.529478710953557,44.641009542098004,0.0,0.0,0.0,0.0,20,831,550,41.495166587789086,27.463708331268347,0.0,0.0,0.0,0.0,18,521,329,26.01562189198329,16.42829098361325,0.0,0.2227695961979146,0.0,4.203199928262539,21,773,892,38.598993709218966,44.541141511802486,0.0,0.0,0.0,0.0
141,5120.7,,,,,,,,,,20,311,894,15.529478710953557,44.641009542098004,0.0,0.0,0.0,0.0,20,831,550,41.495166587789086,27.463708331268347,0.0,0.0,0.0,0.0,19,521,330,26.01562189198329,16.478224998761007,0.0,0.25165486059856734,0.0,-4.664594265033662,21,773,892,38.598993709218966,44.541141511802486,0.0,0.0,0.0,0.0
142,5156.4,,,,,,,,,,20,311,894,15.529478710953557,44.641009542098004,0.0,0.0,0.0,0.0,20,831,550,41.495166587789086,27.463708331268347,0.0,0.0,0.0,0.0,18,521,330,26.01562189198329,16.478224998761007,0.0,0.0,0.0,0.0,21,772,892,38.54905969407121,44.541141511802486,-0.05096863288767077,0.0,9.101541587083483,0.0
143,5195.9,,,,,,,,,,20,311,894,15.529478710953557,44.641009542098004,0.0,0.0,0.0,0.0,20,831,550,41.495166587789086,27.463708331268347,0.0,0.0,0.0,0.0,18,521,330,26.01562189198329,16.478224998761007,0.0,0.2213698346940925,0.0,-4.2286501374229415,21,773,892,38.598993709218966,44.541141511802486,0.0,0.0,0.0,0.0
144,5228.6,,,,,,,,,,20,311,894,15.529478710953557,44.641009542098004,0.0,0.0,0.0,0.0,20,831,550,41.495166587789086,27.463708331268347,0.0,0.0,0.0,0.0,18,521,330,26.01562189198329,16.478224998761007,0.0,0.0,0.0,0.0,21,773,892,38.598993709218966,44.541141511802486,0.0,0.0,0.0,0.0
145,5266.9,,,,,,,,,,20,311,894,15.529478710953557,44.641009542098004,0.0,0.0,0.0,0.0,20,831,550,41.495166587789086,27.463708331268347,0.0,0.0,0.0,0.0,18,521,330,26.01562189198329,16.478224998761007,0.0,-0.22201253740281324,0.0,-4.018326468829199,21,773,892,38.598993709218966,44.541141511802486,0.227267090191155,0.0,-4.065600897873965,0.0
146,5300.6,,,,,,,,,,20,311,894,15.529478710953557,44.641009542098004,0.0,0.0,0.0,0.0,20,831,550,41.495166587789086,27.463708331268347,0.0,0.0,0.0,0.0,19,521,330,26.01562189198329,16.478224998761007,0.0,-0.22790742037418402,0.0,-4.353532385371203,21,773,892,38.598993709218966,44.541141511802486,0.0,0.0,0.0,0.0
147,5342.7,,,,,,,,,,20,311,894,15.529478710953557,44.641009542098004,0.0,0.0,0.0,0.0,20,831,550,41.495166587789086,27.463708331268347,0.0,0.0,0.0,0.0,18,521,330,26.01562189198329,16.478224998761007,0.0,0.0,0.0,0.0,21,773,892,38.598993709218966,44.541141511802486,0.0,0.0,0.0,0.0
148,5378.7,,,,,,,,,,20,311,894,15.529478710953557,44.641009542098004,0.0,0.0,0.0,0.0,20,831,550,41.495166587789086,27.463708331268347,0.0,0.0,0.0,0.0,18,521,329,26.01562189198329,16.42829098361325,0.0,0.04483954003450418,0.0,8.792066673432364,21,773,892,38.598993709218966,44.541141511802486,0.0,0.0,0.0,0.0
149,5408.5,,,,,,,,,,20,311,894,15.529478710953557,44.641009542098004,0.0,0.0,0.0,0.0,20,831,550,41.495166587789086,27.463708331268347,0.0,0.0,0.0,0.0,19,521,329,26.01562189198329,16.42829098361325,0.0,-0.23203180888769961,0.0,4.277084034796307,21,773,892,38.598993709218966,44.541141511802486,0.0,0.0,0.0,0.0
150,5445.2,,,,,,,,,,20,311,894,15.529478710953557,44.641009542098004,0.0,0.0,0.0,0.0,20,831,550,41.495166587789086,27.463708331268347,0.0,0.0,0.0,0.0,18,521,330,26.01562189198329,16.478224998761007,0.0,0.0,0.0,0.0,21,773,892,38.598993709218966,44.541141511802486,0.0,0.0,0.0,0.0
151,5480.3,,,,,,,,,,20,311,894,15.529478710953557,44.641009542098004,0.0,0.0,0.0,0.0,20,831,550,41.495166587789086,27.463708331268347,0.0,0.0,0.0,0.0,19,521,330,26.01562189198329,16.478224998761007,0.0,0.25770304788869536,0.0,-4.60184014086956,21,773,892,38.598993709218966,44.541141511802486,0.0,0.0,0.0,0.0
152,5517.0,,,,,,,,,,20,311,894,15.529478710953557,44.641009542098004,0.0,0.0,0.0,0.0,20,831,550,41.495166587789086,27.463708331268347,0.0,0.0,0.0,0.0,19,521,329,26.01562189198329,16.42829098361325,0.0,0.2144478554794211,0.0,3.9529558613718176,21,773,892,38.598993709218966,44.541141511802486,0.0,0.0,0.0,0.0
153,5556.2,,,,,,,,,,20,311,894,15.529478710953557,44.641009542098004,0.0,0.0,0.0,0.0,20,831,550,41.495166587789086,27.463708331268347,0.0,0.0,0.0,0.0,18,521,330,26.01562189198329,16.478224998761007,0.0,-0.2336962033592689,0.0,-4.21074240286971,21,773,892,38.598993709218966,44.541141511802486,0.0,0.0,0.0,0.0
154,5592.3,,,,,,,,,,20,311,894,15.529478710953557,44.641009542098004,0.0,0.0,0.0,0.0,20,831,550,41.495166587789086,27.463708331268347,0.0,0.0,0.0,0.0,19,521,330,26.01562189198329,16.478224998761007,0.0,0.0,0.0,0.0,21,773,892,38.598993709218966,44.541141511802486,0.0,0.0,0.0,0.0
155,5630.7,,,,,,,,,,20,311,894,15.529478710953557,44.641009542098004,0.0,0.0,0.0,0.0,20,831,550,41.495166587789086,27.463708331268347,0.0,0.0,0.0,0.0,18,521,330,26.01562189198329,16.478224998761007,0.0,0.21157989051126608,0.0,-4.003403793969091,21,773,892,38.598993709218966,44.541141511802486,0.0,0.0,0.0,0.0
156,5664.4,,,,,,,,,,20,311,894,15.529478710953557,44.641009542098004,0.0,0.0,0.0,0.0,20,831,550,41.495166587789086,27.463708331268347,0.0,0.0,0.0,0.0,18,521,329,26.01562189198329,16.42829098361325,0.0,0.0012831252104357977,0.0,8.554168069592539,21,773,892,38.598993709218966,44.541141511802486,0.0,0.0,0.0,0.0
157,5702.6,,,,,,,,,,20,311,894,15.529478710953557,44.641009542098004,0.0,0.0,0.0,0.0,20,831,550,41.495166587789086,27.463708331268347,0.0,0.0,0.0,0.0,19,521,330,26.01562189198329,16.478224998761007,0.0,0.0,0.0,0.0,21,773,892,38.598993709218966,44.541141511802486,0.0,0.0,0.0,0.0
158,5736.4,,,,,,,,,,20,311,894,15.529478710953557,44.641009542098004,0.0,0.0,0.0,0.0,20,831,550,41.495166587789086,27.463708331268347,0.0,0.0,0.0,0.0,18,521,330,26.01562189198329,16.478224998761007,0.0,0.0,0.0,0.0,21,773,892,38.598993709218966,44.541141511802486,0.0,0.0,0.0,0.0
159,5772.3,,,,,,,,,,20,311,894,15.529478710953557,44.641009542098004,0.0,0.0,0.0,0.0,20,831,550,41.495166587789086,27.463708331268347,0.0,0.0,0.0,0.0,19,521,330,26.01562189198329,16.478224998761007,0.0,0.2411470476126302,0.0,-4.10812687585402,21,773,892,38.598993709218966,44.541141511802486,0.0,0.0,0.0,0.0
160,5808.2,,,,,,,,,,20,311,894,15.529478710953557,44.641009542098004,0.0,0.0,0.0,0.0,20,831,550,41.495166587789086,27.463708331268347,0.0,0.0,0.0,0.0,18,521,330,26.01562189198329,16.478224998761007,0.0,0.0,0.0,0.0,21,773,892,38.598993709218966,44.541141511802486,0.0,0.0,0.0,0.0
161,5844.7,,,,,,,,,,20,311,894,15.529478710953557,44.641009542098004,0.0,0.0,0.0,0.0,20,831,550,41.495166587789086,27.463708331268347,0.0,0.0,0.0,0.0,19,521,330,26.01562189198329,16.478224998761007,0.0,0.0,0.0,0.0,21,773,892,38.598993709218966,44.541141511802486,0.0,0.0,0.0,0.0
162,5889.7,,,,,,,,,,20,311,894,15.529478710953557,44.641009542098004,0.0,0.0,0.0,0.0,20,831,550,41.495166587789086,27.463708331268347,0.0,0.0,0.0,0.0,18,521,330,26.01562189198329,16.478224998761007,0.0,0.0,0.0,0.0,21,773,892,38.598993709218966,44.541141511802486,0.0,0.0,0.0,0.0
163,5916.7,,,,,,,,,,20,311,894,15.529478710953557,44.641009542098004,0.0,0.0,0.0,0.0,20,831,550,41.495166587789086,27.463708331268347,0.0,0.0,0.0,0.0,18,521,330,26.01562189198329,16.478224998761007,0.0,0.0,0.0,0.0,21,773,892,38.598993709218966,44.541141511802486,0.0,0.0,0.0,0.0
164,5955.9,,,,,,,,,,20,311,894,15.529478710953557,44.641009542098004,0.0,0.0,0.0,0.0,20,831,550,41.495166587789086,27.463708331268347,0.0,0.0,0.0,0.0,18,521,330,26.01562189198329,16.478224998761007,0.0,0.0,0.0,0.0,21,773,892,38.598993709218966,44.541141511802486,0.0,0.0,0.0,0.0
165,5988.6,,,,,,,,,,20,311,894,15.529478710953557,44.641009542098004,0.0,0.0,0.0,0.0,20,831,550,41.495166587789086,27.463708331268347,0.0,0.0,0.0,0.0,19,521,330,26.01562189198329,16.478224998761007,0.0,0.0,0.0,0.0,21,773,892,38.598993709218966,44.541141511802486,0.0,0.0,0.0,0.0
166,6024.7,,,,,,,,,,20,311,894,15.529478710953557,44.641009542098004,0.0,0.0,0.0,0.0,20,831,550,41.495166587789086,27.463708331268347,0.0,0.0,0.0,0.0,19,521,330,26.01562189198329,16.478224998761007,0.0,-0.23214236027797389,0.0,-4.298932597740258,21,773,892,38.598993709218966,44.541141511802486,0.0,0.0,0.0,0.0
167,6060.6,,,,,,,,,,20,311,894,15.529478710953557,44.641009542098004,0.0,0.0,0.0,0.0,20,831,550,41.495166587789086,27.463708331268347,0.0,0.22727195761594637,0.0,4.341393650734381,19,521,330,26.01562189198329,16.478224998761007,0.0,0.0,0.0,0.0,21,773,892,38.598993709218966,44.541141511802486,0.0,0.0,0.0,0.0
168,6097.0,,,,,,,,,,20,311,894,15.529478710953557,44.641009542098004,0.0,0.0,0.0,0.0,20,831,550,41.495166587789086,27.463708331268347,0.0,0.0,0.0,0.0,19,521,330,26.01562189198329,16.478224998761007,0.0,0.0,0.0,0.0,21,773,892,38.598993709218966,44.541141511802486,0.0,0.0,0.0,0.0
169,6132.4,,,,,,,,,,20,311,894,15.529478710953557,44.641009542098004,0.0,0.0,0.0,0.0,20,831,550,41.495166587789086,27.463708331268347,0.0,0.22989524261371042,0.0,4.269178135816356,19,521,329,26.01562189198329,16.42829098361325,0.0,-0.0025686419981527037,0.0,8.562139993837222,21,773,892,38.598993709218966,44.541141511802486,0.0,0.0,0.0,0.0
170,6168.7,,,,,,,,,,20,311,894,15.529478710953557,44.641009542098004,0.0,0.0,0.0,0.0,21,831,551,41.495166587789086,27.51364234641611,0.0,0.030342476765168724,0.0,-7.984862306622977,19,521,330,26.01562189198329,16.478224998761007,0.0,0.0,0.0,0.0,21,773,892,38.598993709218966,44.541141511802486,0.0,0.0,0.0,0.0
171,6204.5,,,,,,,,,,20,311,894,15.529478710953557,44.641009542098004,0.0,0.0,0.0,0.0,20,831,550,41.495166587789086,27.463708331268347,0.0,0.0,0.0,0.0,19,521,330,26.01562189198329,16.478224998761007,0.0,0.0,0.0,0.0,21,773,892,38.598993709218966,44.541141511802486,0.0,0.0,0.0,0.0
172,6240.7,,,,,,,,,,20,311,894,15.529478710953557,44.641009542098004,0.0,0.0,0.0,0.0,21,831,551,41.495166587789086,27.51364234641611,0.0,-0.20672757227291036,0.0,-12.33238801368561,18,521,330,26.01562189198329,16.478224998761007,0.0,0.23399522617264107,0.0,-4.193462834635131,21,773,892,38.598993709218966,44.541141511802486,0.0,0.0,0.0,0.0
173,6284.4,,,,,,,,,,20,311,894,15.529478710953557,44.641009542098004,0.0,0.0,0.0,0.0,20,831,550,41.495166587789086,27.463708331268347,0.0,-0.20040581161851362,0.0,3.9961278488237943,19,521,330,26.01562189198329,16.478224998761007,0.0,0.0,0.0,0.0,21,773,892,38.598993709218966,44.541141511802486,0.0,0.0,0.0,0.0
174,6318.7,,,,,,,,,,20,311,894,15.529478710953557,44.641009542098004,0.0,0.0,0.0,0.0,21,831,550,41.495166587789086,27.463708331268347,0.0,0.0,0.0,0.0,18,521,330,26.01562189198329,16.478224998761007,0.0,0.0,0.0,0.0,21,773,892,38.598993709218966,44.541141511802486,0.0,0.0,0.0,0.0
175,6352.3,,,,,,,,,,20,311,894,15.529478710953557,44.641009542098004,,,,,20,831,549,41.495166587789086,27.413774316120588,,,,,18,521,330,26.01562189198329,16.478224998761007,,,,,21,773,892,38.598993709218966,44.541141511802486,,,,
176,6384.7,,,,,,,,,,20,311,894,15.529478710953557,44.641009542098004,,,,,21,831,550,41.495166587789086,27.463708331268347,,,,,19,521,330,26.01562189198329,16.478224998761007,,,,,21,773,892,38.598993709218966,44.541141511802486,,,,
177,6424.9,,,,,,,,,,20,311,894,15.529478710953557,44.641009542098004,,,,,20,831,550,41.495166587789086,27.463708331268347,,,,,19,521,330,26.01562189198329,16.478224998761007,,,,,21,773,892,38.598993709218966,44.541141511802486,,,,
